"NHP","NT.ID","AA.ID","Frequency"
"C","13523 A > G","L E620G",0.129771
"D","14375 CTG > C","L V905G",0.166667
"A","16213 G > A","L A1517T",0.241379
"C","16213 G > A","L A1517T",0.197452
"D","16213 G > A","L A1517T",0.1875
"C","16949 C > CT","L A1765C",0.110345
"D","16949 C > CT","L A1765C",0.12
